ID,Class
origin_dev\00027.jpg,2
origin_dev\00033.jpg,1
origin_dev\00047.jpg,2
origin_dev\00050.jpg,2
origin_dev\00051.jpg,3
origin_dev\00052.jpg,2
origin_dev\00059.jpg,3
origin_dev\00060.jpg,1
origin_dev\00069.jpg,1
origin_dev\00070.jpg,1
origin_dev\00073.jpg,1
origin_dev\00078.jpg,2
origin_dev\00082.jpg,2
origin_dev\00111.jpg,2
origin_dev\00119.jpg,3
origin_dev\00129.jpg,2
origin_dev\00130.jpg,1
origin_dev\00141.jpg,1
origin_dev\00161.jpg,1
origin_dev\00162.jpg,2
origin_dev\00178.jpg,1
origin_dev\00187.jpg,2
origin_dev\00189.jpg,3
origin_dev\00211.jpg,1
origin_dev\00227.jpg,2
origin_dev\00280.jpg,1
origin_dev\00285.jpg,3
origin_dev\00301.jpg,3
origin_dev\00319.jpg,1
origin_dev\00323.jpg,2
origin_dev\00335.jpg,1
origin_dev\00338.jpg,1
origin_dev\00346.jpg,3
origin_dev\00354.jpg,3
origin_dev\00358.jpg,1
origin_dev\00365.jpg,1
origin_dev\00367.jpg,1
origin_dev\00372.jpg,1
origin_dev\00385.jpg,1
origin_dev\00410.jpg,1
origin_dev\00416.jpg,1
origin_dev\00420.jpg,3
origin_dev\00422.jpg,1
origin_dev\00427.jpg,1
origin_dev\00449.jpg,3
origin_dev\00452.jpg,3
origin_dev\00456.jpg,2
origin_dev\00460.jpg,1
origin_dev\00486.jpg,3
origin_dev\00518.jpg,1
origin_dev\00526.jpg,2
origin_dev\00536.jpg,2
origin_dev\00546.jpg,2
origin_dev\00556.jpg,3
origin_dev\00558.jpg,3
origin_dev\00561.jpg,1
origin_dev\00566.jpg,2
origin_dev\00570.jpg,1
origin_dev\00577.jpg,3
origin_dev\00581.jpg,1
origin_dev\00590.jpg,2
origin_dev\00598.jpg,1
origin_dev\00614.jpg,3
origin_dev\00622.jpg,2
origin_dev\00640.jpg,1
origin_dev\00652.jpg,3
origin_dev\00656.jpg,3
origin_dev\00657.jpg,1
origin_dev\00677.jpg,3
origin_dev\00688.jpg,2
origin_dev\00700.jpg,3
origin_dev\00702.jpg,2
origin_dev\00714.jpg,2
origin_dev\00727.jpg,3
origin_dev\00756.jpg,3
origin_dev\00760.jpg,2
origin_dev\00764.jpg,1
origin_dev\00772.jpg,2
origin_dev\00786.jpg,3
origin_dev\00794.jpg,1
origin_dev\00813.jpg,1
origin_dev\00844.jpg,3
origin_dev\00849.jpg,2
origin_dev\00866.jpg,2
origin_dev\00882.jpg,2
origin_dev\00884.jpg,3
origin_dev\00911.jpg,3
origin_dev\00919.jpg,2
origin_dev\00924.jpg,1
origin_dev\00930.jpg,2
origin_dev\00941.jpg,3
origin_dev\00944.jpg,2
origin_dev\00952.jpg,2
origin_dev\00959.jpg,3
origin_dev\00967.jpg,3
origin_dev\00969.jpg,3
origin_dev\01000.jpg,2
origin_dev\01023.jpg,1
origin_dev\01024.jpg,3
origin_dev\01031.jpg,3
origin_dev\01067.jpg,3
origin_dev\01077.jpg,2
origin_dev\01089.jpg,2
origin_dev\01095.jpg,3
origin_dev\01106.jpg,2
origin_dev\01110.jpg,2
origin_dev\01113.jpg,2
origin_dev\01114.jpg,1
origin_dev\01122.jpg,2
origin_dev\01130.jpg,3
origin_dev\01138.jpg,3
origin_dev\01139.jpg,1
origin_dev\01142.jpg,3
origin_dev\01165.jpg,1
origin_dev\01193.jpg,1
origin_dev\01201.jpg,3
origin_dev\01224.jpg,3
origin_dev\01232.jpg,2
origin_dev\01236.jpg,2
origin_dev\01237.jpg,2
origin_dev\01238.jpg,2
origin_dev\01246.jpg,1
origin_dev\01261.jpg,3
origin_dev\01265.jpg,2
origin_dev\01267.jpg,3
origin_dev\01274.jpg,1
origin_dev\01279.jpg,1
origin_dev\01293.jpg,3
origin_dev\01300.jpg,3
origin_dev\01322.jpg,2
origin_dev\01324.jpg,2
origin_dev\01336.jpg,1
origin_dev\01346.jpg,2
origin_dev\01350.jpg,2
origin_dev\01360.jpg,1
origin_dev\01363.jpg,3
origin_dev\01365.jpg,2
origin_dev\01377.jpg,2
origin_dev\01399.jpg,1
origin_dev\01402.jpg,3
origin_dev\01410.jpg,1
origin_dev\01416.jpg,2
origin_dev\01424.jpg,3
origin_dev\01435.jpg,1
origin_dev\01458.jpg,1
origin_dev\01461.jpg,1
origin_dev\01468.jpg,3
origin_dev\01507.jpg,2
origin_dev\01511.jpg,2
origin_dev\01519.jpg,2
origin_dev\01539.jpg,2
origin_dev\01554.jpg,1
origin_dev\01559.jpg,2
origin_dev\01591.jpg,2
origin_dev\01602.jpg,2
origin_dev\01603.jpg,1
origin_dev\01604.jpg,2
origin_dev\01616.jpg,2
origin_dev\01636.jpg,3
origin_dev\01640.jpg,2
origin_dev\01645.jpg,3
origin_dev\01649.jpg,1
origin_dev\01657.jpg,1
origin_dev\01669.jpg,2
origin_dev\01678.jpg,3
origin_dev\01682.jpg,3
origin_dev\01684.jpg,1
origin_dev\01688.jpg,3
origin_dev\01690.jpg,1
origin_dev\01699.jpg,3
origin_dev\01709.jpg,2
origin_dev\01735.jpg,3
origin_dev\01736.jpg,3
origin_dev\01743.jpg,3
origin_dev\01747.jpg,3
origin_dev\01748.jpg,2
origin_dev\01757.jpg,1
origin_dev\01790.jpg,1
origin_dev\01800.jpg,1
origin_dev\01825.jpg,2
origin_dev\01833.jpg,3
origin_dev\01844.jpg,3
origin_dev\01847.jpg,2
origin_dev\01848.jpg,3
origin_dev\01860.jpg,1
origin_dev\01883.jpg,3
origin_dev\01884.jpg,1
origin_dev\01888.jpg,1
origin_dev\01891.jpg,3
origin_dev\01896.jpg,2
origin_dev\01906.jpg,3
origin_dev\01917.jpg,3
origin_dev\01918.jpg,2
origin_dev\01925.jpg,2
origin_dev\01941.jpg,3
origin_dev\01953.jpg,2
origin_dev\01957.jpg,1
origin_dev\01965.jpg,3
origin_dev\01966.jpg,3
origin_dev\01969.jpg,1
origin_dev\01992.jpg,3
origin_dev\01997.jpg,3
origin_dev\01998.jpg,2
origin_dev\02013.jpg,1
origin_dev\02059.jpg,2
origin_dev\02069.jpg,3
origin_dev\02074.jpg,1
origin_dev\02099.jpg,2
origin_dev\02105.jpg,3
origin_dev\02111.jpg,2
origin_dev\02119.jpg,3
origin_dev\02120.jpg,2
origin_dev\02124.jpg,1
origin_dev\02133.jpg,3
origin_dev\02135.jpg,2
origin_dev\02143.jpg,3
origin_dev\02147.jpg,2
origin_dev\02157.jpg,2
origin_dev\02176.jpg,2
origin_dev\02179.jpg,2
origin_dev\02181.jpg,2
origin_dev\02182.jpg,2
origin_dev\02188.jpg,2
origin_dev\02189.jpg,2
origin_dev\02197.jpg,2
origin_dev\02210.jpg,2
origin_dev\02215.jpg,1
origin_dev\02217.jpg,1
origin_dev\02231.jpg,2
origin_dev\02238.jpg,2
origin_dev\02262.jpg,1
origin_dev\02272.jpg,2
origin_dev\02273.jpg,2
origin_dev\02275.jpg,2
origin_dev\02276.jpg,1
origin_dev\02286.jpg,1
origin_dev\02343.jpg,3
origin_dev\02358.jpg,1
origin_dev\02360.jpg,3
origin_dev\02370.jpg,1
origin_dev\02371.jpg,2
origin_dev\02397.jpg,3
origin_dev\02408.jpg,3
origin_dev\02411.jpg,1
origin_dev\02412.jpg,2
origin_dev\02432.jpg,1
origin_dev\02446.jpg,3
origin_dev\02451.jpg,2
origin_dev\02456.jpg,3
origin_dev\02458.jpg,2
origin_dev\02492.jpg,2
origin_dev\02498.jpg,1
origin_dev\02509.jpg,3
origin_dev\02510.jpg,3
origin_dev\02511.jpg,3
origin_dev\02514.jpg,1
origin_dev\02531.jpg,2
origin_dev\02545.jpg,2
origin_dev\02564.jpg,3
origin_dev\02569.jpg,3
origin_dev\02577.jpg,3
origin_dev\02587.jpg,2
origin_dev\02599.jpg,2
origin_dev\02605.jpg,1
origin_dev\02609.jpg,3
origin_dev\02614.jpg,2
origin_dev\02621.jpg,3
origin_dev\02630.jpg,1
origin_dev\02641.jpg,2
origin_dev\02650.jpg,3
origin_dev\02651.jpg,3
origin_dev\02667.jpg,2
origin_dev\02670.jpg,2
origin_dev\02671.jpg,1
origin_dev\02696.jpg,1
origin_dev\02711.jpg,3
origin_dev\02712.jpg,3
origin_dev\02739.jpg,2
origin_dev\02753.jpg,3
origin_dev\02765.jpg,1
origin_dev\02777.jpg,1
origin_dev\02782.jpg,1
origin_dev\02803.jpg,2
origin_dev\02819.jpg,3
origin_dev\02823.jpg,2
origin_dev\02824.jpg,1
origin_dev\02840.jpg,2
origin_dev\02844.jpg,3
origin_dev\02861.jpg,2
origin_dev\02864.jpg,3
origin_dev\02866.jpg,3
origin_dev\02867.jpg,2
origin_dev\02886.jpg,3
origin_dev\02895.jpg,3
origin_dev\02897.jpg,2
origin_dev\02903.jpg,2
origin_dev\02905.jpg,1
origin_dev\02921.jpg,2
origin_dev\02928.jpg,2
origin_dev\02934.jpg,3
origin_dev\02948.jpg,3
origin_dev\02954.jpg,1
origin_dev\02977.jpg,3
origin_dev\02981.jpg,1
origin_dev\02988.jpg,3
origin_dev\02993.jpg,3
origin_dev\03021.jpg,2
origin_dev\03039.jpg,3
origin_dev\03040.jpg,2
origin_dev\03041.jpg,3
origin_dev\03061.jpg,3
origin_dev\03064.jpg,2
origin_dev\03099.jpg,3
origin_dev\03102.jpg,2
origin_dev\03106.jpg,1
origin_dev\03144.jpg,3
origin_dev\03148.jpg,1
origin_dev\03153.jpg,2
origin_dev\03154.jpg,2
origin_dev\03160.jpg,1
origin_dev\03172.jpg,1
origin_dev\03177.jpg,2
origin_dev\03180.jpg,2
origin_dev\03190.jpg,3
origin_dev\03208.jpg,3
origin_dev\03229.jpg,1
origin_dev\03233.jpg,2
origin_dev\03236.jpg,2
origin_dev\03238.jpg,1
origin_dev\03259.jpg,3
origin_dev\03260.jpg,2
origin_dev\03267.jpg,2
origin_dev\03268.jpg,3
origin_dev\03294.jpg,2
origin_dev\03295.jpg,3
origin_dev\03301.jpg,2
origin_dev\03308.jpg,2
origin_dev\03310.jpg,3
origin_dev\03311.jpg,1
origin_dev\03314.jpg,2
origin_dev\03317.jpg,2
origin_dev\03325.jpg,3
origin_dev\03336.jpg,1
origin_dev\03349.jpg,3
origin_dev\03362.jpg,1
origin_dev\03384.jpg,1
origin_dev\03390.jpg,1
origin_dev\03401.jpg,1
origin_dev\03409.jpg,1
origin_dev\03468.jpg,2
origin_dev\03469.jpg,3
origin_dev\03493.jpg,2
origin_dev\03507.jpg,3
origin_dev\03518.jpg,1
origin_dev\03522.jpg,1
origin_dev\03528.jpg,1
origin_dev\03532.jpg,1
origin_dev\03536.jpg,3
origin_dev\03542.jpg,2
origin_dev\03549.jpg,1
origin_dev\03553.jpg,1
origin_dev\03565.jpg,2
origin_dev\03585.jpg,1
origin_dev\03589.jpg,1
origin_dev\03594.jpg,3
origin_dev\03600.jpg,2
origin_dev\03602.jpg,2
origin_dev\03621.jpg,2
origin_dev\03639.jpg,3
origin_dev\03640.jpg,2
origin_dev\03642.jpg,3
origin_dev\03654.jpg,3
origin_dev\03660.jpg,1
origin_dev\03662.jpg,2
origin_dev\03670.jpg,2
origin_dev\03687.jpg,2
origin_dev\03720.jpg,2
origin_dev\03721.jpg,3
origin_dev\03736.jpg,1
origin_dev\03746.jpg,3
origin_dev\03750.jpg,1
origin_dev\03807.jpg,2
origin_dev\03809.jpg,1
origin_dev\03816.jpg,2
origin_dev\03817.jpg,2
origin_dev\03821.jpg,3
origin_dev\03836.jpg,2
origin_dev\03844.jpg,3
origin_dev\03850.jpg,1
origin_dev\03859.jpg,3
origin_dev\03862.jpg,3
origin_dev\03875.jpg,3
origin_dev\03883.jpg,1
origin_dev\03885.jpg,3
origin_dev\03894.jpg,2
origin_dev\03896.jpg,1
origin_dev\03899.jpg,2
origin_dev\03901.jpg,3
origin_dev\03927.jpg,1
origin_dev\03939.jpg,2
origin_dev\03947.jpg,1
origin_dev\03949.jpg,1
origin_dev\03954.jpg,3
origin_dev\03967.jpg,3
origin_dev\03974.jpg,1
origin_dev\03995.jpg,3
origin_dev\03996.jpg,1
origin_dev\04011.jpg,2
origin_dev\04021.jpg,3
origin_dev\04024.jpg,1
origin_dev\04031.jpg,1
origin_dev\04039.jpg,3
origin_dev\04047.jpg,2
origin_dev\04049.jpg,1
origin_dev\04053.jpg,2
origin_dev\04092.jpg,2
origin_dev\04115.jpg,1
origin_dev\04121.jpg,3
origin_dev\04131.jpg,3
origin_dev\04134.jpg,2
origin_dev\04136.jpg,2
origin_dev\04139.jpg,1
origin_dev\04161.jpg,1
origin_dev\04168.jpg,3
origin_dev\04171.jpg,1
origin_dev\04173.jpg,3
origin_dev\04205.jpg,2
origin_dev\04212.jpg,2
origin_dev\04224.jpg,2
origin_dev\04230.jpg,3
origin_dev\04234.jpg,3
origin_dev\04246.jpg,1
origin_dev\04251.jpg,1
origin_dev\04255.jpg,1
origin_dev\04256.jpg,2
origin_dev\04294.jpg,3
origin_dev\04309.jpg,2
origin_dev\04333.jpg,2
origin_dev\04334.jpg,1
origin_dev\04357.jpg,1
origin_dev\04377.jpg,2
origin_dev\04387.jpg,1
origin_dev\04413.jpg,2
origin_dev\04422.jpg,1
origin_dev\04430.jpg,1
origin_dev\04434.jpg,1
origin_dev\04455.jpg,1
origin_dev\04467.jpg,2
origin_dev\04490.jpg,1
origin_dev\04497.jpg,2
origin_dev\04504.jpg,3
origin_dev\04509.jpg,3
origin_dev\04512.jpg,2
origin_dev\04514.jpg,3
origin_dev\04540.jpg,1
origin_dev\04574.jpg,1
origin_dev\04575.jpg,1
origin_dev\04586.jpg,2
origin_dev\04603.jpg,1
origin_dev\04614.jpg,2
origin_dev\04623.jpg,3
origin_dev\04639.jpg,1
origin_dev\04645.jpg,3
origin_dev\04649.jpg,3
origin_dev\04660.jpg,1
origin_dev\04663.jpg,2
origin_dev\04671.jpg,2
origin_dev\04682.jpg,1
origin_dev\04693.jpg,2
origin_dev\04734.jpg,1
origin_dev\04737.jpg,2
origin_dev\04740.jpg,3
origin_dev\04751.jpg,3
origin_dev\04761.jpg,3
origin_dev\04765.jpg,1
origin_dev\04769.jpg,2
origin_dev\04780.jpg,3
origin_dev\04781.jpg,2
origin_dev\04800.jpg,1
origin_dev\04805.jpg,2
origin_dev\04815.jpg,1
origin_dev\04824.jpg,2
origin_dev\04841.jpg,1
origin_dev\04846.jpg,1
origin_dev\04850.jpg,2
origin_dev\04854.jpg,2
origin_dev\04859.jpg,1
origin_dev\04865.jpg,2
origin_dev\04870.jpg,3
origin_dev\04909.jpg,3
origin_dev\04914.jpg,3
origin_dev\04918.jpg,2
origin_dev\04922.jpg,3
origin_dev\04952.jpg,2
origin_dev\04960.jpg,1
origin_dev\04982.jpg,1
origin_dev\04989.jpg,1
origin_dev\05012.jpg,1
origin_dev\05026.jpg,1
origin_dev\05033.jpg,1
origin_dev\05065.jpg,2
origin_dev\05074.jpg,1
origin_dev\05091.jpg,3
origin_dev\05118.jpg,2
origin_dev\05129.jpg,1
origin_dev\05139.jpg,2
origin_dev\05147.jpg,1
origin_dev\05154.jpg,1
origin_dev\05180.jpg,1
origin_dev\05186.jpg,1
origin_dev\05218.jpg,3
origin_dev\05233.jpg,3
origin_dev\05256.jpg,2
origin_dev\05273.jpg,1
origin_dev\05286.jpg,2
origin_dev\05305.jpg,3
origin_dev\05310.jpg,3
origin_dev\05312.jpg,2
origin_dev\05335.jpg,1
origin_dev\05361.jpg,2
origin_dev\05364.jpg,1
origin_dev\05365.jpg,2
origin_dev\05367.jpg,3
origin_dev\05369.jpg,3
origin_dev\05373.jpg,3
origin_dev\05404.jpg,2
origin_dev\05405.jpg,2
origin_dev\05406.jpg,3
origin_dev\05408.jpg,3
origin_dev\05418.jpg,2
origin_dev\05428.jpg,3
origin_dev\05448.jpg,3
origin_dev\05450.jpg,2
origin_dev\05462.jpg,2
origin_dev\05479.jpg,3
origin_dev\05491.jpg,2
origin_dev\05492.jpg,2
origin_dev\05493.jpg,1
origin_dev\05494.jpg,2
origin_dev\05498.jpg,1
origin_dev\05506.jpg,1
origin_dev\05527.jpg,1
origin_dev\05529.jpg,3
origin_dev\05535.jpg,2
origin_dev\05536.jpg,1
origin_dev\05541.jpg,3
origin_dev\05548.jpg,1
origin_dev\05550.jpg,2
origin_dev\05551.jpg,1
origin_dev\05593.jpg,3
origin_dev\05600.jpg,2
origin_dev\05603.jpg,1
origin_dev\05624.jpg,3
origin_dev\05625.jpg,1
origin_dev\05634.jpg,3
origin_dev\05640.jpg,3
origin_dev\05643.jpg,1
origin_dev\05686.jpg,1
origin_dev\05687.jpg,1
origin_dev\05701.jpg,1
origin_dev\05703.jpg,3
origin_dev\05707.jpg,2
origin_dev\05734.jpg,2
origin_dev\05741.jpg,1
origin_dev\05744.jpg,1
origin_dev\05746.jpg,2
origin_dev\05757.jpg,1
origin_dev\05769.jpg,1
origin_dev\05795.jpg,2
origin_dev\05797.jpg,1
origin_dev\05829.jpg,2
origin_dev\05835.jpg,1
origin_dev\05849.jpg,1
origin_dev\05850.jpg,2
origin_dev\05854.jpg,3
origin_dev\05864.jpg,1
origin_dev\05871.jpg,2
origin_dev\05912.jpg,2
origin_dev\05924.jpg,1
origin_dev\05959.jpg,2
origin_dev\05982.jpg,3
origin_dev\05985.jpg,2
origin_dev\06009.jpg,3
origin_dev\06022.jpg,1
origin_dev\06038.jpg,2
origin_dev\06045.jpg,1
origin_dev\06050.jpg,1
origin_dev\06051.jpg,3
origin_dev\06064.jpg,3
origin_dev\06078.jpg,3
origin_dev\06080.jpg,1
origin_dev\06091.jpg,1
origin_dev\06096.jpg,1
origin_dev\06111.jpg,2
origin_dev\06113.jpg,1
origin_dev\06115.jpg,2
origin_dev\06118.jpg,3
origin_dev\06119.jpg,3
origin_dev\06121.jpg,2
origin_dev\06122.jpg,2
origin_dev\06167.jpg,3
origin_dev\06170.jpg,3
origin_dev\06172.jpg,1
origin_dev\06199.jpg,2
origin_dev\06206.jpg,2
origin_dev\06207.jpg,1
origin_dev\06221.jpg,2
origin_dev\06229.jpg,3
origin_dev\06257.jpg,3
origin_dev\06263.jpg,2
origin_dev\06279.jpg,2
origin_dev\06288.jpg,2
origin_dev\06301.jpg,2
origin_dev\06307.jpg,3
origin_dev\06315.jpg,3
origin_dev\06316.jpg,2
origin_dev\06326.jpg,2
origin_dev\06330.jpg,1
origin_dev\06353.jpg,2
origin_dev\06370.jpg,3
origin_dev\06375.jpg,2
origin_dev\06377.jpg,2
origin_dev\06388.jpg,1
origin_dev\06401.jpg,3
origin_dev\06412.jpg,1
origin_dev\06421.jpg,2
origin_dev\06434.jpg,1
origin_dev\06439.jpg,1
origin_dev\06444.jpg,1
origin_dev\06456.jpg,1
origin_dev\06457.jpg,3
origin_dev\06461.jpg,2
origin_dev\06462.jpg,2
origin_dev\06464.jpg,1
origin_dev\06469.jpg,2
origin_dev\06474.jpg,3
origin_dev\06481.jpg,3
origin_dev\06497.jpg,1
origin_dev\06500.jpg,2
origin_dev\06511.jpg,1
origin_dev\06519.jpg,2
origin_dev\06522.jpg,2
origin_dev\06544.jpg,2
origin_dev\06565.jpg,1
origin_dev\06572.jpg,2
origin_dev\06588.jpg,1
origin_dev\06589.jpg,1
origin_dev\06595.jpg,2
origin_dev\06598.jpg,2
origin_dev\06620.jpg,3
origin_dev\06628.jpg,3
origin_dev\06631.jpg,3
origin_dev\06633.jpg,2
origin_dev\06648.jpg,3
origin_dev\06674.jpg,2
origin_dev\06676.jpg,2
origin_dev\06687.jpg,3
origin_dev\06688.jpg,3
origin_dev\06690.jpg,1
origin_dev\06704.jpg,2
origin_dev\06710.jpg,2
origin_dev\06714.jpg,1
origin_dev\06718.jpg,3
origin_dev\06724.jpg,2
origin_dev\06725.jpg,3
origin_dev\06727.jpg,3
origin_dev\06733.jpg,1
origin_dev\06762.jpg,1
origin_dev\06764.jpg,3
origin_dev\06769.jpg,1
origin_dev\06770.jpg,3
origin_dev\06782.jpg,3
origin_dev\06791.jpg,3
origin_dev\06818.jpg,1
origin_dev\06827.jpg,1
origin_dev\06855.jpg,1
origin_dev\06876.jpg,3
origin_dev\06877.jpg,1
origin_dev\06880.jpg,1
origin_dev\06883.jpg,1
origin_dev\06890.jpg,2
origin_dev\06904.jpg,3
origin_dev\06919.jpg,3
origin_dev\06932.jpg,2
origin_dev\06939.jpg,2
origin_dev\06944.jpg,1
origin_dev\06950.jpg,1
origin_dev\06952.jpg,1
origin_dev\06962.jpg,3
origin_dev\06980.jpg,2
origin_dev\06985.jpg,1
origin_dev\06988.jpg,3
origin_dev\07001.jpg,2
origin_dev\07010.jpg,1
origin_dev\07014.jpg,3
origin_dev\07031.jpg,2
origin_dev\07036.jpg,1
origin_dev\07037.jpg,3
origin_dev\07041.jpg,2
origin_dev\07050.jpg,1
origin_dev\07054.jpg,1
origin_dev\07056.jpg,2
origin_dev\07073.jpg,1
origin_dev\07091.jpg,1
origin_dev\07101.jpg,2
origin_dev\07117.jpg,3
origin_dev\07128.jpg,2
origin_dev\07129.jpg,1
origin_dev\07137.jpg,1
origin_dev\07141.jpg,2
origin_dev\07143.jpg,1
origin_dev\07145.jpg,1
origin_dev\07158.jpg,2
origin_dev\07161.jpg,2
origin_dev\07163.jpg,1
origin_dev\07170.jpg,1
origin_dev\07180.jpg,3
origin_dev\07206.jpg,1
origin_dev\07221.jpg,3
origin_dev\07228.jpg,1
origin_dev\07233.jpg,2
origin_dev\07241.jpg,3
origin_dev\07254.jpg,3
origin_dev\07255.jpg,3
origin_dev\07276.jpg,3
origin_dev\07290.jpg,1
origin_dev\07292.jpg,2
origin_dev\07294.jpg,2
origin_dev\07298.jpg,1
origin_dev\07332.jpg,3
origin_dev\07338.jpg,3
origin_dev\07352.jpg,2
origin_dev\07375.jpg,1
origin_dev\07391.jpg,3
origin_dev\07399.jpg,2
origin_dev\07400.jpg,3
origin_dev\07438.jpg,2
origin_dev\07447.jpg,3
origin_dev\07477.jpg,3
origin_dev\07488.jpg,2
origin_dev\07490.jpg,2
origin_dev\07492.jpg,3
origin_dev\07496.jpg,3
origin_dev\07509.jpg,3
origin_dev\07523.jpg,2
origin_dev\07527.jpg,1
origin_dev\07528.jpg,1
origin_dev\07530.jpg,2
origin_dev\07531.jpg,2
origin_dev\07536.jpg,2
origin_dev\07547.jpg,2
origin_dev\07560.jpg,3
origin_dev\07564.jpg,1
origin_dev\07568.jpg,1
origin_dev\07585.jpg,1
origin_dev\07587.jpg,2
origin_dev\07589.jpg,2
origin_dev\07604.jpg,2
origin_dev\07608.jpg,2
origin_dev\07613.jpg,3
origin_dev\07626.jpg,1
origin_dev\07642.jpg,3
origin_dev\07647.jpg,1
origin_dev\07676.jpg,2
origin_dev\07684.jpg,3
origin_dev\07697.jpg,1
origin_dev\07702.jpg,2
origin_dev\07713.jpg,2
origin_dev\07716.jpg,1
origin_dev\07718.jpg,2
origin_dev\07729.jpg,2
origin_dev\07755.jpg,2
origin_dev\07767.jpg,3
origin_dev\07768.jpg,3
origin_dev\07781.jpg,1
origin_dev\07806.jpg,1
origin_dev\07813.jpg,1
origin_dev\07829.jpg,3
origin_dev\07848.jpg,3
origin_dev\07853.jpg,3
origin_dev\07860.jpg,2
origin_dev\07861.jpg,1
origin_dev\07870.jpg,3
origin_dev\07874.jpg,3
origin_dev\07879.jpg,1
origin_dev\07881.jpg,1
origin_dev\07884.jpg,3
origin_dev\07886.jpg,3
origin_dev\07901.jpg,2
origin_dev\07904.jpg,3
origin_dev\07911.jpg,3
origin_dev\07920.jpg,3
origin_dev\07930.jpg,2
origin_dev\07931.jpg,2
origin_dev\07934.jpg,2
origin_dev\07937.jpg,2
origin_dev\07948.jpg,1
origin_dev\07970.jpg,3
origin_dev\07989.jpg,1
origin_dev\07995.jpg,2
